﻿<root>
	<pics frecuency="20000"> 
		<pic name="0" link="img/inicio.swf" linea="" />
		<pic name="1" link="img/intro.swf" linea="" />		
		<!--Vacunas-->
		<!--pic name="3" link="img/1-2-logo60.swf" linea="" colorlin="0066ff" colorsec="0066ff" mainTit="Línea Ganadería" subTit="Vacunas"/-->		

		<pic name="2" link="img/1-2-logo60.swf" moveon="s" slices="2"/>				
		<pic name="3" link="img/3.jpg" />
		<pic name="4" link="img/4.jpg"/>
		<pic name="5" link="img/5.jpg"/>
		<pic name="6" link="img/6.jpg"/>
		<pic name="7" link="img/7.jpg"/>
		<pic name="8" link="img/8.jpg"/>
		<pic name="9" link="img/9-texto.swf"/>
		<pic name="10"  loop="10" time="4" >
			<pic name="1" link="img/10-1.jpg" />
			<pic name="2" link="img/10-2.jpg" />
			<pic name="3" link="img/10-3.jpg" />
			<pic name="4" link="img/10-4.jpg" />
			<pic name="5" link="img/10-5.jpg" />
			<pic name="6" link="img/10-6.jpg" />
			<pic name="7" link="img/10-7.jpg" />
			<pic name="8" link="img/10-8.jpg" />
			<pic name="9" link="img/10-9.jpg" />
			<pic name="10" link="img/10-10.jpg" />
		</pic>

		<pic name="11" link="img/11.jpg"/>
		<pic name="12" link="img/12.jpg"/>
		<pic name="13" link="img/13.jpg"/>

		<pic name="14" link="img/14-texto.swf"/>
		<pic name="15" link="img/15-1-15-2.jpg"/>
		<pic name="16" link="img/16.jpg"/>
		<pic name="17" link="img/17.jpg"/>
		<pic name="18" link="img/18.jpg"/>
		<pic name="19" link="img/19.jpg"/>
		<pic name="20" link="img/20.jpg"/>
		<pic name="21" link="img/21.jpg"/>
		<pic name="22" link="img/22.jpg"/>
		<pic name="23" link="img/23.jpg"/>
		<pic name="24" link="img/24.jpg"/>
		<pic name="25"  loop="10" time="4" >
			<pic name="1" link="img/25-1.jpg" />
			<pic name="2" link="img/25-2.jpg" />
			<pic name="3" link="img/25-3.jpg" />
			<pic name="4" link="img/25-4.jpg" />
			<pic name="5" link="img/25-5.jpg" />
			<pic name="6" link="img/25-6.jpg" />
			<pic name="7" link="img/25-7.jpg" />
			<pic name="8" link="img/25-8.jpg" />
			<pic name="9" link="img/25-9.jpg" />
			<pic name="10" link="img/25-10.jpg" />
		</pic>		
		
		<pic name="26" link="img/26.jpg"/>		
		<pic name="27" link="img/27.jpg"/>
		<pic name="28" link="img/28.jpg"/>
		<pic name="29" link="img/29.jpg"/>
		<pic name="30" link="img/30.jpg"/>
		<pic name="31" link="img/31-texto.swf"/>
		<pic name="32" link="img/32.jpg"/>
		<pic name="33" link="img/33.jpg"/>
		<pic name="34" link="img/34.jpg"/>
		<pic name="35" link="img/35.jpg"/>
		<pic name="36" link="img/36-37-38.swf" moveon="s" slices="3"/>
		<pic name="39" link="img/39.jpg"/>
		<pic name="40" link="img/40.jpg"/>
		<pic name="41" link="img/41.jpg"/>
		<pic name="42" link="img/42.jpg"/>
		<pic name="43" link="img/43-44pasos.swf" moveon="s" slices="2"/>
		<pic name="45" link="img/45-46-47.swf" moveon="s" slices="3"/>
		<pic name="48" link="img/48-49-50.swf" moveon="s" slices="3"/>	
		<pic name="51" link="img/51-52.swf" moveon="s" slices="2"/>
		<pic name="53" link="img/53.jpg"/>
		<pic name="54" link="img/54-texto.swf"/>	
		<pic name="55" link="img/55.jpg"/>
		<pic name="56" link="img/56-logoRevisoria.jpg"/>
		<pic name="57" link="img/57.jpg"/>
		<pic name="58" link="img/58.jpg"/>
		<pic name="59" link="img/59.jpg"/>
		<pic name="56" link="img/60.jpg"/>
		<pic name="61" link="img/61.jpg"/>
		<pic name="62" link="img/62.jpg"/>
		<pic name="63" link="img/63.jpg"/>
		<pic name="64" link="img/64.jpg"/>
		<pic name="64a" link="img/64a.jpg"/>
		<pic name="65" link="img/65.swf"/>
		<pic name="66" link="img/66.jpg"/>
		<pic name="67" link="img/67-68-planEstrategico.swf" moveon="s" slices="2"/>
		<pic name="69" link="img/69.jpg"/>
		<pic name="70" link="img/70.jpg"/>
		<pic name="71" link="img/71-texto.swf"/>
		<pic name="72" link="img/72-73.swf" moveon="s" slices="2"/>						
		<pic name="74"  loop="5" time="4" >
			<pic name="1" link="img/74-1.jpg" />
			<pic name="2" link="img/74-2.jpg" />
			<pic name="3" link="img/74-3.jpg" />
			<pic name="4" link="img/74-4.jpg" />
			<pic name="5" link="img/74-5.jpg" />
		</pic>
		<pic name="75" link="img/75.jpg"/>										
		<pic name="76" link="img/76.jpg"/>										
		<pic name="77" link="img/77.jpg"/>										
		<pic name="78" link="img/78.jpg"/>										
		<pic name="79" link="img/79.jpg"/>										
		<pic name="80" link="img/80-texto.swf"/>										
		<pic name="81" link="img/81.jpg"/>										
		<pic name="82" link="img/81-82pasos.swf" moveon="s" slices="4"/>
		<pic name="83" link="img/83-ICApasos.swf" moveon="s" slices="3"/>						
		<pic name="84" link="img/84.jpg"/>
		<pic name="85" link="img/85.jpg"/>
		<pic name="86" link="img/86.jpg"/>
		<pic name="87" link="img/87.jpg"/>
		<pic name="88" link="img/88.jpg"/>
		<pic name="89" link="img/89.jpg"/>
		<pic name="90" link="img/90-91-92-93pasos.swf" moveon="s" slices="4"/>
		<pic name="94" link="img/94-texto.swf"/>
		<pic name="95"  loop="6" time="4" >
			<pic name="1" link="img/95-1.jpg" />
			<pic name="2" link="img/95-2.jpg" />
			<pic name="3" link="img/95-3.jpg" />
			<pic name="4" link="img/95-4.jpg" />
			<pic name="5" link="img/95-5.jpg" />
			<pic name="6" link="img/95-6.jpg" />
		</pic>
		<pic name="97" link="img/97.jpg"/>
		<pic name="97b" link="img/97b.jpg"/>
		<pic name="98" link="img/98.jpg"/>
		<pic name="99" link="img/99.jpg"/>
		<pic name="100" link="img/100.jpg"/>
		<pic name="101" link="img/101.jpg"/>	
		<pic name="102" link="img/102-mapa.jpg"/>
		<pic name="103" link="img/103.jpg"/>
		<pic name="104" link="img/104.jpg"/>
		<pic name="105" link="img/105.jpg"/>
		<pic name="106" link="img/106.jpg"/>
		<pic name="107" link="img/107-texto.swf"/>
		<pic name="108" link="img/108.jpg"/>
		<pic name="109" link="img/109.jpg"/>
		<pic name="110" link="img/110.jpg"/>
		<pic name="111" link="img/111.jpg"/>	
		<pic name="112"  loop="5" time="4" >
			<pic name="1" link="img/112-1.jpg" />
			<pic name="2" link="img/112-2.jpg" />
			<pic name="3" link="img/112-3.jpg" />
			<pic name="4" link="img/112-4.jpg" />
			<pic name="5" link="img/112-5.jpg" />
		</pic>
		<pic name="113" link="img/113-texto.swf"/>
		<pic name="114" link="img/114.jpg"/>
		<pic name="115" link="img/115.jpg"/>
		<pic name="116" link="img/116.jpg"/>
		<pic name="117" link="img/117.jpg"/>
		<pic name="118"  loop="3" time="4" >
			<pic name="1" link="img/118-1.jpg" />
			<pic name="2" link="img/118-2.jpg" />
			<pic name="3" link="img/118-3.jpg" />
		</pic>		
		<pic name="119" link="img/119.jpg"/>
		<pic name="120" link="img/120.jpg"/>
		<pic name="121" link="img/121.jpg"/>
		<pic name="122" link="img/122.jpg"/>
		<pic name="123" link="img/123.jpg"/>
		<pic name="124" link="img/124.jpg"/>
		<pic name="125" link="img/125.jpg"/>
		<pic name="126" link="img/126.jpg"/>
		<pic name="127" link="img/127-texto.swf"/>
		<pic name="128" link="img/128.jpg"/>
		<pic name="129" link="img/129.jpg"/>
		<pic name="130" link="img/130.jpg"/>
		<pic name="131" link="img/131.jpg"/>
		<pic name="132" link="img/132.jpg"/>
		<pic name="133" link="img/133.jpg"/>
		<pic name="134" link="img/134-texto.swf"/>
		<pic name="135" link="img/135.jpg"/>
		<pic name="136" link="img/136.jpg"/>	
		<pic name="137" link="img/137.jpg"/>
		<pic name="138" link="img/138.jpg"/>
		<pic name="139" link="img/139.jpg"/>
		<pic name="140" link="img/140-texto.swf"/>
		<pic name="141" link="img/141.jpg"/>
		<pic name="142" link="img/142.jpg"/>
		<pic name="143" link="img/143.jpg"/>
		<pic name="144" link="img/144.jpg"/>
		<pic name="145" link="img/145.jpg"/>
		<pic name="146" link="img/146.jpg"/>
		<pic name="147" link="img/147.jpg"/>
		<pic name="148" link="img/148.jpg"/>
		<pic name="149" link="img/149.jpg"/>
		<pic name="150" link="img/150.jpg"/>
		<pic name="151" link="img/151-texto.swf"/>
		<pic name="152" link="img/152.jpg"/>
		<pic name="153" link="img/153.jpg"/>
		<pic name="154" link="img/154animacion.swf"/>
		<pic name="155" link="img/155.jpg"/>
		<pic name="155a" link="img/155-a.jpg"/>
		<pic name="156"  loop="7" time="4" >
			<pic name="1" link="img/156-1.jpg" />
			<pic name="2" link="img/156-2.jpg" />
			<pic name="3" link="img/156-3.jpg" />
			<pic name="4" link="img/156-4.jpg" />
			<pic name="5" link="img/156-5.jpg" />
			<pic name="6" link="img/156-6.jpg" />
			<pic name="7" link="img/156-7.jpg" />
		</pic>		
		<pic name="157" link="img/157.jpg"/>
		<pic name="158" link="img/158.jpg"/>
		<pic name="159" link="img/159.jpg"/>
		<pic name="160" link="img/160.jpg"/>
		<pic name="161"  loop="8" time="4" >
			<pic name="1" link="img/161-1.jpg" />
			<pic name="2" link="img/161-2.jpg" />
			<pic name="3" link="img/161-3.jpg" />
			<pic name="4" link="img/161-4.jpg" />
			<pic name="5" link="img/161-5.jpg" />
			<pic name="6" link="img/161-6.jpg" />
			<pic name="7" link="img/161-7.jpg" />
			<pic name="7" link="img/161-8.jpg" />
		</pic>
		<pic name="162"  loop="8" time="4" >
			<pic name="1" link="img/162-1.jpg" />
			<pic name="2" link="img/162-2.jpg" />
			<pic name="3" link="img/162-3.jpg" />
			<pic name="4" link="img/162-4.jpg" />
			<pic name="5" link="img/162-5.jpg" />
			<pic name="6" link="img/162-6.jpg" />
			<pic name="7" link="img/162-7.jpg" />
			<pic name="7" link="img/162-8.jpg" />
		</pic>	
		<pic name="163" link="img/163-animales.swf"/>																	

	</pics> 
	<colors>
		<color value="0x666666" />
		<color value="0x666666" />
		<color value="0x666666" />
	</colors>	
</root>


